id,sku_name,base_price,cogs,category
P798444,AT-FSM-35,57631.7,46052,"Kids & Baby"
P938347,AYS_Haier-18HNF,3931790,3499260,Appliances
P826364,"Atalian _DV206A-Brown-41",324597,243426,"Men Fashion"
P467533,Darul_Sakoon_Food_Bundle,2870.42,2378,Superstore
P229955,HP_15AY-15-Ay072NIA-ci3,2265620,1631250,Computing
P985828,UnzeLondon_GS4666-9,202855,172376,"Men Fashion"
P381119,UnzeLondon_GS5348-10,202855,139954,"Men Fashion"
P499423,UnzeLondon_GS5348-9,202855,158224,"Men Fashion"
P672852,Paramount_9781107677364,182857,138968,"School & Education"
P447157,Paramount_9781107697690,182857,153584,"School & Education"
P346967,AKL_A131128712_SS-48_Yellow,173275,103936,"Women Fashion"
P129115,Jaza_2Premium5kg+FOC,99302.4,75458,Superstore
P176799,Paramount_9781107657823,96552.6,71398,"School & Education"
P834446,"emo_Emo-VB-06 Navy Blue Blazer",93745.4,84332,"Women Fashion"
P948478,Jaza_2Sela5kg+FOC,93502.4,61654,Superstore
P674474,AT-CTT-28,74097.9,63684,"Kids & Baby"
P955365,Paramount_9780521186049,64188.6,56434,"School & Education"
P786699,"STBB_A Textbook of Biology 1st year by Prof.Majid uz zaffar",8.7,0,"School & Education"
P984532,yamaha_EF12000E,27782000,16947000,Appliances
P225759,Samsung_60KS8000,19168900,12459800,Entertainment
P316076,"samsung_SUHD TVÃ‚Â  KS 8000 60"",19168900,14376700,Entertainment
P448913,voucher,17400000,15660000,Others
P999409,Samsung_55inchesKS8500,16819900,10932900,Entertainment
P792775,Samsung_65KU7000,15398900,10471300,Entertainment
P872944,Samsung_60inchesKU7000,14209900,12362600,Entertainment
P709484,"MACBOOK PRO 15-INCH 2.2GHZ QuadCore i7",13630000,8723200,Computing
P670559,"Apple IMac 27-Inch 3.2GHz quad-core Intel Core i5",13630000,9541000,Computing
P670065,s_tv_KDL-60W600B,11062000,7079710,Entertainment
P389672,Mitsubishi_MSZ-HJ71VA,10266000,6364920,Appliances
P930755,"IMAC 21.5-INCH 2.7GHZ QUAD CORE i5",9802000,6861400,Computing
P677701,s_tv_KDL-50W800C,8789610,5976900,Entertainment
P579921,"MACBOOK PRO 13-INCH 2.7GHZ",8700000,5481000,Computing
P361624,Samsung_RT85K7110SL,8467940,7282420,Appliances
P473888,"MACBOOK AIR 13-INCH 256 GB Flash Drive",8410000,5046000,Computing
P876996,ahp_EOS-80D-Digital-SLR-Camera-Black,8410000,5466500,Entertainment
P902887,Samsung_55inchesK6500,8119940,6089940,Entertainment
P883614,Samsung_55inchesK6000,7771940,5984380,Entertainment
P426226,"Apple MacBook Air 13-inch 1.6GHz dual-core Intel Core i5",7656000,5052960,Computing
P314652,"Mac Mini 2.8GHz",7540000,5956600,Computing
P393352,"MACBOOK PRO 13-INCH 2.5GHZ 8GBDDR3L",7482000,5312220,Computing
P678648,"Changhong Ruba 55 Inches UD55D6000i Ultra HD TV_clear-CS",7482000,5162580,Entertainment
P611672,Haier_HPU-48CO3,7368900,6558290,Appliances
P973490,Samsung_55KU7000,7307940,4896300,Entertainment
P948018,"itech_Apple Macbook Air 13.3  MMG F2",7076000,5377760,Computing
P984290,"Apple iPhone 6S Plus 128GB",7046940,4791900,"Mobiles & Tablets"
P504959,ahp_EOS-70D-20.2-MP-Black,7017940,6175780,Entertainment
P666295,FHM_BOXTER1,6960000,4593600,"Home & Living"
P704358,Samsung_RSA1STMG,6959940,5776740,Appliances
P397123,"MACBOOK AIR 11INCH",6902000,5314540,Computing
P767858,RM_Sony-VPL-EW295,6670000,5669500,Entertainment
P956221,Samsung_55inchesK5300,6495940,4352260,Entertainment
P168052,iPhone7Plus-Red-256GB,6487650,5125230,"Mobiles & Tablets"
P125789,lenovo_20EV000HUE,6414800,4618660,Computing
P162958,RM_Sony-KDL-50W800C,6351000,5144310,Entertainment
P544078,"Apple iPhone 6S Plus 64GB",6321940,4551780,Computing
P812976,"Apple iPhone 6 Plus (128GB) Space Grey",6321940,5373640,"Mobiles & Tablets"
P640071,"Apple iPhone 6S 128GB",6321940,4235680,Computing
P261079,"Apple iPhone 6S 128GB-Gold",6321940,4109240,Computing
P847388,"iPhone7Plus-Jet Black-256GB",6278330,4771490,"Mobiles & Tablets"
P709557,hyundai_HGS7250,6147940,4365020,Appliances
P119266,"iPhone7Plus-Matte Black-32GB",5949470,3926600,"Mobiles & Tablets"
P965921,"iPhone7Plus-Matte Black-128GB",5949470,3867150,"Mobiles & Tablets"
P392127,"samsung_50 J5500",5891640,3652780,Entertainment
P442670,"iPhone7Plus-Red- 128GB",5889670,5241750,"Mobiles & Tablets"
P736074,EcoStar_65U565,5769780,4961960,Entertainment
P463649,lenovo_20DF000QUE,5730400,4584320,Computing
P370493,"iphone_7-128GB-wof-Jet Black",5707140,4736920,"Mobiles & Tablets"
P779734,iPhone7-Red-256GB,5680400,4089870,"Mobiles & Tablets"
P878889,"plk_FWI/ 927 822_6",5636440,4170950,"Men Fashion"
P619324,Samsung_Galaxy_S8_Plus_Black,5626000,4782100,"Mobiles & Tablets"
P132718,Samsung_Galaxy_S8_Plus_Gray,5626000,4219500,"Mobiles & Tablets"
P418626,"Apple iPhone 6S 64GB",5596940,3414110,"Mobiles & Tablets"
P748886,"Apple iPhone 6 (128GB) Gold",5596940,3637990,"Mobiles & Tablets"
P538399,"Apple iPhone 6 Plus (64GB) Gold",5596940,3470080,"Mobiles & Tablets"
P277058,"Apple iPhone 6S Plus 16GB",5596940,4365600,"Mobiles & Tablets"
P747668,"iphone_7-128GB-wof-Matt Black",5591780,4864810,"Mobiles & Tablets"
P358545,Samsung_49K6000,5585340,4579970,Entertainment
P346696,"HP_HP 706n A3 black",5571710,4234460,Computing
P494921,Kenwood_KEE-240-F,5539000,3544960,Appliances
P282765,s_tv_KDL-43W800C,5530880,3926890,Entertainment
P262382,samsung_galaxy-s7-edge-pearl-black,5510000,3801900,"Mobiles & Tablets"
P206599,"Ricoh_Photo Copier MP2014AD",5442140,4516920,Entertainment
P180184,cc_Samsung_Galaxy_S8_Plus_Black,5434600,4456370,"Mobiles & Tablets"
P553953,cc_Samsung_Galaxy_S8_Plus_Gray,5434600,4238990,"Mobiles & Tablets"
P529158,cc_Samsung_Galaxy_S8_Plus_Gold,5434600,4673760,"Mobiles & Tablets"
P305199,RM_Panasonic-K18PKF,5342090,4059940,Appliances
P692465,lenovo_80J2002XUE,5338900,3683810,Computing
P158959,"HP_CP 551dn",5312570,3506270,Computing
P799304,"RM_LG P246SQ",5311580,3505640,Appliances
P754774,"iPhone7- Jet Black-128GB",5291750,3227930,"Mobiles & Tablets"
P813488,"HP_MFP M435nw (A3 Blk 3 in 1)",5228870,4287650,Computing
P768353,"EP_6800 6.3 KVA",5220000,3654000,Appliances
P390189,agha_AS_SOLEB94_01,5176500,3157640,"Health & Sports"
P652031,Samsung-Galaxy-S8-G955-Plus-Black,5170640,4033090,"Mobiles & Tablets"
P657861,"mm_Samsung Galaxy Note Edge N915",5162000,3819880,"Mobiles & Tablets"
P198782,"apple_MACMINI 2.3GHZ DUAL CORE i5",5162000,4181220,Computing
P887897,RM_Sony-DSLR-ILCE-5100Y,5162000,3303680,Entertainment
P844102,"Samsung Galaxy S7 Edge",5161940,3355240,"Mobiles & Tablets"
P277486,"samsung_K6000 49  ",5150920,3760140,Entertainment
P291889,iPhone7-Red-128GB,5142280,4216660,"Mobiles & Tablets"
P108938,RM_Sony-VPL-EW235,5104000,4134240,Entertainment
P113237,Samsung_49inchesK5300,5103940,3930020,Entertainment
P624937,Samsung_Galaxy_S8_black,5046000,3734040,"Mobiles & Tablets"
P368790,samsung_50J5100,5002500,4352150,Entertainment
P133888,Samsung_49K5300,4985330,3090880,Entertainment
P369657,Kenwood_KDC-2413,4976400,4279700,Appliances
P386704,Samsung_49inchesK5100,4929940,3155140,Entertainment
P510854,Samsung_48inchesJ5000,4929940,3450940,Entertainment
P910456,"Apple iPhone 6 (64GB) Silver",4893750,3621350,"Mobiles & Tablets"
P943107,cc_Samsung_Galaxy_S8_gold,4872000,3020640,"Mobiles & Tablets"
P958489,cc_Samsung_Galaxy_S8_Gray,4872000,3897600,"Mobiles & Tablets"
P368181,cc_Samsung_Galaxy_S8_black,4872000,3702720,"Mobiles & Tablets"
P894914,"Apple iPhone 6 Plus (16GB) Space Grey",4871940,3800100,"Mobiles & Tablets"
P701243,Haier_HSU-24-HNH,4869100,4333470,Appliances
P671747,"iphone-7-32gb-wof-Matt Black",4858660,4226980,"Mobiles & Tablets"
P776031,iphone-7-32gb-wof-Gold,4858660,3692570,"Mobiles & Tablets"
P574816,"iphone_7-plus-32gb-wof-Matt Black",4858660,3546820,"Mobiles & Tablets"
P563834,iphone_7-plus-32gb-wof-Gold,4858660,3255250,"Mobiles & Tablets"
P956651,s_tv_KDL-48R562C,4827280,3475590,Entertainment
P126290,Sony_48W652D,4760640,3475240,Entertainment
P838523,"EP_5500 5 KVA",4756000,3852360,Appliances
P392301,Ifitness_T300,4756000,3757240,"Health & Sports"
P782682,"Apple iPhone 6S Plus 16GB Silver",4734540,3787630,"Mobiles & Tablets"
P649809,"yamaha_EF2600FW (SELF)",4698000,3523500,Appliances
P446550,"Apple iPhone 6S 16GB",4640000,3155200,"Mobiles & Tablets"
P895097,Samsung_32inchesK5100,4639940,3665540,Entertainment
P847761,"plk_FWI/ 953 638_9",4638840,3757410,"Men Fashion"
P592952,"plk_FWI/ 959 080_11",4638840,3293530,"Men Fashion"
P616334,"plk_FWI/ 953 620_8",4638840,4128560,"Men Fashion"
P801710,AYS_18LITH11M,4609840,2811960,Appliances
P678370,Samsung-Galaxy-S8-G950-Grey,4599400,3081600,"Mobiles & Tablets"
P468287,"Lenovo_YOGA 500-I5",4591860,4040800,Computing
P474849,HP_450-G4-Core-i7-7500U,4582000,4123800,Computing
P479840,samsung_G935F-Blue,4581940,2840780,"Mobiles & Tablets"
P780228,samsung_G935F-Black,4581940,3848820,"Mobiles & Tablets"
P354092,lenovo_20DF000GUE,4512400,3835540,Computing
P290209,GMZV_Switch-Console-with-2-Games,4487400,3904040,Entertainment
P850692,Epson_L1800,4476150,4028510,Computing
P178030,Xpert_XDW-60-1W,4466000,3706780,Appliances
P786178,"Samsung_Samsung Air Conditioner Digital Inverter Series) - AR12K",4436940,2839620,Appliances
P491032,"Dawlance_Inverter-45 2.0 ton",4413220,3177470,Appliances
P816897,Dell_Inspiron-15-5567-ci7-4GB,4410320,2646190,Computing
P751549,"samsungGALAXY S-7 EDGE 32GB LTE",4408000,3879040,"Mobiles & Tablets"
P501330,sony_DSLR-ILCE-6000L,4408000,3438240,Entertainment
P297640,sony_SLT-A58Y,4408000,3306000,Entertainment
P950932,lenovo_80J2001AUE,4395240,2681050,Computing
P497003,Samsung_RT39K5110SP,4378940,3371770,Appliances
P957169,sony_DSLR-ILCE-5000Y,4374940,3281180,Entertainment
P353733,"iPhone7-Matte Black -32GB",4364960,3535560,"Mobiles & Tablets"
P875936,"MotoZ-White-Fine Gold",4349940,3044940,"Mobiles & Tablets"
P235780,"Apple iPad Mini 3 Wifi 128GB-Space Grey",4349940,3914940,Computing
P260048,"samsungGALAXY S-7 EDGE 32GB Black",4336080,3035260,"Mobiles & Tablets"
P833513,"Samsung_S7 Edge-Silver",4336080,3815700,"Mobiles & Tablets"
P192415,"Samsung_S7 Edge-Black",4336080,2818450,"Mobiles & Tablets"
P329412,Dawlance_Inverter30Toscana,4332600,3812690,Appliances
P139750,"Haier_HSU-18HZE-R2-DB DC Inverter",4292000,3519440,Others
P721438,"AYS_A-C -18-LNF",4275180,3462890,Appliances
P616714,"dawlance_Toscana30 INVERTER 1.5 Ton AC",4216600,3246780,Appliances
P669465,AYS_Gree-18cith2,4215440,2950810,Appliances
P757482,RM_Panasonic-SC-MAX6000,4205000,3237850,Entertainment
P216553,"HP_ 15-AB204TU ",4196880,2643990,Computing
P923065,Gree_24CZ8,4196300,3734680,Appliances
P197154,"samsungGALAXY NOTE-5 LTE 32GB",4176000,2589120,"Mobiles & Tablets"
P505336,"huawei_Google Nexus 6P-Silver",4176000,2505600,"Mobiles & Tablets"
P383728,"Samsung GALAXY NOTE-5",4175940,2964900,"Mobiles & Tablets"
P505304,ahp_EOS-750D-24.2-MP-Digital-SLR-Camera-Black,4175940,2756100,Entertainment
P396546,"R&I_Generator 6KVG",4151640,3404310,Appliances
P136965,Samsung_48inchesK5000,4117940,3335520,Entertainment
P572907,lenovo_20EV0002UE,4090510,2740620,Computing
P298843,sukoonbundle-sukoon10-cj_CJPOISL,4065220,2642360,Others
P683554,cj_CJPOISL,4060000,3410400,Others
P133996,RM_Panasonic-TH-49D310M,4060000,3369800,Entertainment
P710606,"Changhong Ruba 55 Inches C5000i Smart LED TV_clear",4059940,2720140,Entertainment
P386755,"Changhong Ruba 50 Inches D4000i Smart LED",4054200,2594690,Entertainment
P166285,"plk_FWI/ 947 929_48",4020560,2693750,"Men Fashion"
P311129,"GMZV_PS4 VR Headset Bundle",4017370,3213900,Entertainment
P561991,"apple_MACMINI 1.4 GHZ DUAL CORE i5",4002000,3241620,Computing
P963131,HP_Core-i5-6200U,3949800,3475820,Computing
P696943,interwood_HF-01CHS-MG-39739,3944000,2839680,"Home & Living"
P976467,IKEA_70272059,3944000,2445280,"Home & Living"
P793709,"Huawei_P9 PLUS",3943940,2602980,"Mobiles & Tablets"
P482074,"TLC_TAC-24CS/JET 2 ton",3897310,2494230,Appliances
P206280,huawei_Mate-9-Black,3891800,3152360,"Mobiles & Tablets"
P493127,"huawei_Mate 9-gold",3891800,2996690,"Mobiles & Tablets"
P119880,"huawei_Mate 9-mocjha brown",3891800,2335080,"Mobiles & Tablets"
P451876,gree_12CIT,3887160,3420670,Appliances
P896277,"yamaha_EF2600FW (RECOIL)",3886000,3497400,Appliances
P531159,"Samsung Galaxy S6 Edge Plus",3885940,3186460,"Mobiles & Tablets"
P667087,Dell_Inspiron-15-3567-ci7-,3866860,2668120,Computing
P167621,"Gmart_Fenix 3 HR 1",3857000,3278450,"Health & Sports"
P290807,"TLC_TAC-18CHS/KEI 1.5 ton",3848300,2809230,Appliances
P264924,Dell_Inspiron-15-5567-ci5,3806250,3006890,Computing
P775406,"R&I_HGR 6.05 KV D",3799000,2849250,Appliances
P177815,Kenwood_KDC-1814,3787400,3105670,Appliances
P857130,HAIER_HSU-18HNH,3782820,2837070,Appliances
P162270,"Naushemian_#0029-Pstachio Green-M",3770000,3317600,"Women Fashion"
P229136,samsung_G935F-Gold,3770000,2676700,"Mobiles & Tablets"
P508653,"Kenwood_KENWOOD DC INVERTER 5 STAR 1.5 Ton",3764200,2446730,Appliances
P221984,"R&I_eInverter Series 18000BTU",3763910,3048710,Appliances
P862391,lenovo_20ET000M00,3758110,2968900,Computing
P208095,Haier_HSU-24LKE,3741000,2656110,Appliances
P466269,"iPhone SE-64GB",3740940,2506410,"Mobiles & Tablets"
P281278,"plk_FWI/ 987 594_50",3714900,2377540,"School & Education"
P887375,Ifitness_RT112,3712000,2375680,"Health & Sports"
P972345,"Huawei Mate 8 With 4GB Ram",3711940,3303620,"Mobiles & Tablets"
P916538,Epson_L1300,3708810,2818680,Computing
P201461,"HP_ 15-AC110TU Ã‚Â ",3695760,3141400,Computing
P182103,Honda_BikeCD70-Red,3683000,3167380,Superstore
P239399,Honda_BikeCD70-Black,3683000,3130550,Superstore
P634801,"Honda_Bike CD 70 - Black",3683000,2578100,Superstore
P314978,"R&I_Generator 5KVG",3663280,3077130,Appliances
P852171,AYS_Orient-DC-Inverter-Plus-18,3663220,3296890,Appliances
P813029,mitsubishi_MS-F18VC-CS,3653940,2192340,Appliances
P293009,AYS_A-C-KDC-1804S2,3647560,2918040,Appliances
P600326,"Samsung_S7 Edge-Gold",3632190,2397200,"Mobiles & Tablets"
P277750,"dawlance_Toscana15 INVERTER 1.0 Ton AC",3625000,2900000,Appliances
P921070,LenovoB5180-i7,3625000,2718750,Computing
P118969,cc_Huawei-Mate-9-Brown,3624940,2682440,"Mobiles & Tablets"
P645210,cc_Huawei-Mate-9-Grey,3624940,2682440,"Mobiles & Tablets"
P539142,cc_samsung_G935F-Blue,3614560,2530190,"Mobiles & Tablets"
P500104,"samsungGALAXY S-7 32GB LTE",3596000,2589120,"Mobiles & Tablets"
P327504,IKEA_10072256,3596000,2732960,"Home & Living"
P312809,AYS_Split-Orient-19k7,3595940,3020580,Appliances
P540013,"dawlance_Inverter 30",3593680,3054630,Appliances
P284283,Electrolux_SEA2499,3578720,2827150,Appliances
P215868,Samsung_40J5200,3564680,3029980,Entertainment
P805699,RM_Panasonic-NA-127VB6,3561200,3027020,Appliances
P490827,"APC_UPS 1 kv SUA10001",3550470,2911370,Appliances
P690224,Samsung_40K5300,3534520,2756910,Entertainment
P363520,HP_HD-Corei5-6200U2-3GHz-1TB-HDD,3494150,2306140,Computing
P584603,huawei_p10-Blue,3480000,2784000,"Mobiles & Tablets"
P400366,Naushemian_#0028-Offwhite-M,3480000,2644800,"Women Fashion"
P920906,Naushemian_#0028-Offwhite-L,3480000,2818800,"Women Fashion"
P882365,Dawlance_Inspire-Plus-Inverter-30-brown,3458310,3043260,Appliances
P934548,"mitsubishi_1.5 ton SRC 18CLK",3456800,3076550,Appliances
P633273,"mitsubishi_1.5 ton SRC 18CLK-CS",3456800,2834580,Appliances
P534748,Haier_HSU-18-HNF,3440850,2718230,Appliances
P626248,"Apple iPad Air 2 16 GB 4G",3440850,2546200,"Mobiles & Tablets"
P985208,"Apple iPhone 6 (16GB) Gold",3430760,2298600,"Mobiles & Tablets"
P882089,"Samsung Galaxy S6 Edge 32GB SM-G925F",3422000,2977140,"Mobiles & Tablets"
P122683,"Samsung Galaxy S6 Edge (32GB) SM-G925F Gold",3422000,3045580,"Mobiles & Tablets"
P923197,Xpert_XRH-SB-90,3422000,2361180,Appliances
P726605,Ifitness_JW901,3335000,2901450,"Health & Sports"
P156884,samsung_40J5100,3334940,2634590,Entertainment
P401988,AYS_PEL-PINVC-18K-Invert-O-Cool,3258150,2411000,Appliances
P587192,dawlance_91996-Cs,3236400,2524390,Appliances
P877152,HP_AB201TUN8L18PA,3219000,2832720,Others
P481645,samsung_A720-Black,3190000,2360600,"Mobiles & Tablets"
P624366," Huawei Mate 8",3189940,2360540,"Mobiles & Tablets"
P888366,"Changhong Ruba 50 Inches D2100 LED TV",3184200,2133410,Entertainment
P986337,HP_15AY-15-Ay105NE-ci5,3172020,1934880,Computing
P970961,cc-hTC-One-A9-silver,3171440,2790840,"Mobiles & Tablets"
P490040,"FHM_Fluffy Cocao-SOFA SET",3166800,2343430,"Home & Living"
P733468,"R&I_eInverter Series 12000BTU",3145050,1918470,Appliances
P394310,gree_18LM4,3136640,2258350,Appliances
P748052,FHM_TWIRL1,3132000,2505600,"Home & Living"
P467257,"Huawei_P9 OC",3131940,2693460,"Mobiles & Tablets"
P197854,"HP_ 15-AB202TX _clear",3113210,2023560,Computing
P299813,AYS_Gree-12cith2,3109320,1927750,Appliances
P272094,s_tv_KLV-40R352C,3107060,2112770,Entertainment
P766982,gree_18CZ8,3077480,1846490,Appliances
P146139,"plk_PD/ 988 873_60",3069360,2332700,"Men Fashion"
P551746,"GMZV_PS4 Pro 1TB - Region 2",3052830,2594860,Entertainment
P140025,Kenwood_KDC-1214,3050800,2288100,Appliances
P564570,Lacie_STEX6000300-6TB,3045000,2101050,Computing
P402856,Samsung_A7-2017-Gold,3044940,1826940,"Mobiles & Tablets"
P867109,Samsung_A7-2017-Black,3044940,2253240,"Mobiles & Tablets"
P534021,"HP_Laser MFP M426fdn (4 in 1) Black",3034040,2336180,Computing
P958194,"dawlance_91996 - H-ZONE PLUS Refrigerator with Dawlance MD-7 20L",3026150,2360370,Appliances
P623453,"dawlance_91996 - H-ZONE PLUS Refrigerator with Dawlance MD-5 20L",3026150,2511690,Appliances
P722616,"FHM_Bloomy -SOFA SET",3016000,1869920,"Home & Living"
P803645,"iPhone SE-16GB",3015940,1869860,"Mobiles & Tablets"
P203898,interwood_HF-15LCRS-A-39655,3004400,2463610,"Home & Living"
P415305,AYS_50U560,2983810,1879780,Entertainment
P323853,Lenovo_80QB005UUE,2978010,1905880,Computing
P422527,"CL168_R&I_Generator 5KVG",2961710,2102790,Appliances
P948892,"dawlance_Inspire Plus 30 White",2956260,2601470,Appliances
P217083,Haier_HRF-382,2945700,2503800,Appliances
P825073,Orient_50G6520,2924070,1783670,Entertainment
P176485,Kenwood_KDC-1213,2911600,2038120,Appliances
P720522,"Gmart_Forerunner735XT 3",2900000,1740000,"Health & Sports"
P355452,"MotoZPlay-White ",2899940,2377940,"Mobiles & Tablets"
P421755,"MotoZPlay -Black",2899940,2319940,"Mobiles & Tablets"
P533917,HBW_1513072,2899940,2609940,"Men Fashion"
P880316,"AYS_A-C -8-LNA",2899940,2174940,Appliances
P296243,oppo_f3-plus-Gold,2894140,1910110,"Mobiles & Tablets"
P253922,GC_GCS046,2871000,2124540,Superstore
P952872,HP_15AY-15-Ay189NIA-ci5,2869840,2554150,Computing
P506029,"Dell_DELL 5559-I5",2869840,1750560,Computing
P353796,viewsonic_PJD5134,2865200,2292160,Entertainment
P746317,"plk_FWI/ 961 284_44",2860560,2174010,"Men Fashion"
P182780,HAIER_HSU-12HNH,2851280,2195470,Appliances
P746103,"MORG_GCS 41",2842000,2159920,"Health & Sports"
P180847,"orient_13af4 1ton-CS",2841940,2301960,Appliances
P457899,"Samsung Galaxy Note 3 N9000",2841940,2017760,"Mobiles & Tablets"
P184758,interwood_HA-R-QRION-39998,2837360,2099600,"Home & Living"
P618516,"Dawlance 91996 HZ H-Zone Plus 18 cu ft Refrigerator",2818800,1916780,Appliances
P522597,"orient_OS-19 MF16 PG-R410a-CS",2813000,2362920,Appliances
P241542,Samsung_40K5000,2809520,1854260,Entertainment
P298813,Haier_HRF-342,2784350,2143910,Appliances
P640140,"FHM_DEEP RUST",2784000,2171520,"Home & Living"
P333900,HP_i3-7100U,2784000,1698240,Computing
P611114,"Samsung_Samsung 40 Inch J5000 Full HD LED TV",2783940,2338500,Entertainment
P805257,tisot_wtch_13,2778200,1694700,"Men Fashion"
P571622,Dawlance_Inspire-Plus-Inverter-15-Champagne,2774840,2414080,Appliances
P992760,"R&I_Split AC - Crystal Series 18000BTU",2720200,2284970,Appliances
P502182,Haier_HSU-18LK-E10BL-White,2714400,2035800,Appliances
P545027,"RUBD_HSU-18 LTE 1.5 Ton AC",2710050,1761520,Appliances
P934032,Haier_HSU-18LKE,2700250,2025190,Appliances
P849301,"mitsubhisi_1.0 Ton - SRK-13CMK-CS",2697000,2373360,Appliances
P491862,SharpLC40LE185M,2669740,2109050,Entertainment
P809020,AYS_Split-Haier-18LNF,2668000,2267800,Appliances
P191421,"dwm_Masculine K2H27126 ",2650600,1775900,"Men Fashion"
P473371,RM_Sony-DSC-HX400,2633200,1711580,Entertainment
P787423,Lenovo_v310-310-ci5,2627980,1708160,Computing
P987392,"mitsubhisi_1.0 Ton - SRK-13CMK",2622470,2229060,Appliances
P173908,"UNEL_Kenwood eInspire  1.5Ton",2618700,1597380,Appliances
P549363,Kenwood_KLV-1815,2610000,2218500,Appliances
P713012,sony_SLT-A58K,2610000,2140200,Entertainment
P399251,Naushemian_#0027-Blue-L,2610000,2088000,"Women Fashion"
P905672,Naushemian_#0027-Blue-M,2610000,2296800,"Women Fashion"
P343951,palwasha_SKU027,2610000,1722600,"Women Fashion"
P205822,"HP_ 15-AC107TU _clear",2609360,2139620,Computing
P177109,"Changhong Ruba 40 Inches D4000i Smart LED",2604200,1562520,Entertainment
P614218,AZD_HSU-12-HNB-DC-INVERTER-1-TON,2594630,1971880,Appliances
P131987,haier_HSU-18LK-E8,2591440,1580730,Appliances
P316948,Haier_HSU-18LK-E10BL,2591440,2176800,Appliances
P491161,Haier_HSU-12-HNF,2588250,1734080,Appliances
P423681,hop_ANKM030,2552000,1582240,"Beauty & Grooming"
P160695,Surmawala_Haier-HSU-12HN-Air-Conditioner-White,2551940,1888420,Appliances
P387024,gree_12LM4,2544980,1628760,Appliances
P663397,kenwood_KEA1801,2534600,1774220,Appliances
P747667,"R&I_Generator 3.0KVA",2529960,2074540,Appliances
P350026,gree_12CZ8,2529960,2049260,Appliances
P715572,"plk_PD/ 991 471_65",2518360,1561360,"Men Fashion"
P499864,Surmawala_PEL-PRA-160-Refrigerator-Silver,2509080,1906870,Appliances
P725301,"FHM_LUCID COMFORT1",2505600,1578530,"Home & Living"
P858730,Lenovo_80UD00DLAK,2496900,2122340,Computing
P213157,Xpert_XGEO.70.1B,2494000,2045080,Appliances
P925502,"hyundai_HGS2500 ",2493940,2194660,Appliances
P738893,interwood_HF-01CR1-HW-12021,2490980,1494540,"Home & Living"
P505335,"Ricoh_Black Laser SP-4510DN",2485360,2236770,Computing
P240605,lenovo_80J2021CUE,2479790,2083010,Computing
P861342,"Haier_1.5 Ton Split Air Conditioner - HSU-18LKE",2465000,2193850,Appliances
P918122,lenovo_80HR00AKUE,2456010,2063000,Computing
P486103,dawlance_VF-1035WB,2455720,1915450,Appliances
P228611,GMZV_Black-4-1TB-Horizon-Zero-Dawn-Bundle,2441800,1684840,Entertainment
P137838,"Naushemian_#0031-Orange -L",2436000,1948800,"Women Fashion"
P442844,"Naushemian_#0031-Orange -M",2436000,2168040,"Women Fashion"
P693509,"dawlance_VF-1035WB Silver",2412800,2123260,Appliances
P168663,interwood_HA-R-REO-39997,2403520,1490140,"Home & Living"
P301216,interwood_HA-R-AGRA-39999,2403520,1922820,"Home & Living"
P236487,"Samsung_Samsung NX300 Mirrorless - Brown",2401200,2041020,Entertainment
P451592,"Sony_PlayStation 4 1TB - Call of Duty Black Ops 3 Version Limite",2380900,1547560,Entertainment
P405060,"Kenwood_1.5 Ton White ESense Split Air Conditioner - HSU-18LKE",2349000,1738260,Appliances
P137983,"HP_Laser Color 277n (4-in-1)",2323940,1440840,Computing
P899584,Enviro_EAC-18,2322150,1997000,Appliances
P697298,"Samsung Galaxy A5 A510F (2016)",2319940,1391940,"Mobiles & Tablets"
P624168,ahp_EOS-1300D-DSLR-Black,2319940,1879140,Entertainment
P568878,oppo_OPPO-F1-Plus-Gold,2314200,1781930,"Mobiles & Tablets"
P280917,AYS_PEL-PRGD-130-Glass-Door-250,2300860,1679620,Appliances
P420995,"Haier_HWM 55-1010",2297380,1401400,Appliances
P978512,AmanJee_PB003,2291000,1855710,"Women Fashion"
P303096,"Samsung_Samsung NX30ZZ Smart Camera (Black)",2281140,2053030,Entertainment
P863752,Haier_HRF-380,2269420,1497790,Appliances
P246268,"iPhone 5s 16gb+Getiit Joy Band_bundle",2261940,1877400,Computing
P939904,"Kenwood_KENWOOD E-SENSE 1.5 Ton",2261420,1605560,Appliances
P837665,"dawlance_9188 Mono",2256200,1872650,Appliances
P283167,HP_Scanner-M225dw,2233000,1496110,Computing
P608043,"Sony_DZ 950",2232940,1942650,Entertainment
P452163,IKEA_315284,2227200,1692670,"Home & Living"
P924655,Surmawala_Haier-HDF-385H,2215540,1351460,Appliances
P672833,Panasonic_40D310,2212410,1880530,Entertainment
P854438,"Mono Cruiser _Jazzy Two Premium",2204000,1917480,"Kids & Baby"
P789322,"Dawlance Split A/C LVS 30 Red 18000BTU LW",2203710,1652770,Others
P900572,"cc_samsung_A520-LIGHT BLUE",2170530,1345720,"Mobiles & Tablets"
P591007,cc_samsung_A520-Gold,2170530,1801540,"Mobiles & Tablets"
P827627,cc_samsung_A520-BLACK,2170530,1367410,"Mobiles & Tablets"
P245350,"Dawlance 9144 WB GD HZONE PLUS ",2157600,1553470,Appliances
P991559,Lenovo_v310-310-ci3,2144840,1351230,Computing
P432163,"dawlance_9170WB Graphite Grey",2140200,1583750,Appliances
P983498,"dwm_City K2G271C3 Watch",2140200,1455340,"Men Fashion"
P504960,Surmawala_Orient-68635-IP-Refrigerator-Silver-Grey,2131500,1364160,Appliances
P263108,"dawlance_LVS 30 18000BTU",2118160,1630960,Appliances
P607083,"R&I_HGR 2.8 KVA D",2117000,1397220,Appliances
P902159,Lenovo_Ideapad-110-ci3,2114680,1712860,Computing
P425584,"SUPER ASIA_SA WC 60-ELECTRIC WATER COOLER PLASTIC BODY (60 GALLO",2094440,1864000,Appliances
P279731,AYS_Split-Haier-12LNA,2088000,1816560,Appliances
P852469,AYS_40U558,2086840,1565130,Entertainment
P357859,rhythmf_I1203S-02,2076340,1245780,"Men Fashion"
P459124,Haier_HRF-300,2075180,1348850,Appliances
P697140,"plk_FWI/ 925 651_41",2072340,1512760,"School & Education"
P647935,"R&I_eIcon Series 12000BTU",2067120,1240270,Appliances
P607593,Haier_HSU-12LKE,2060450,1256860,Appliances
P863167,Kenwood_KLV-1215,2059000,1832510,Appliances
P210375,RM_Panasonic-TH-40D310M,2051340,1764130,Entertainment
P564448,"dawlance_DWF-1600A White",2047400,1351280,Appliances
P112319,"R&I_Generator 2.5KVG",2047400,1842660,Appliances
P816975,"Dawlance_9188 MDS",2042760,1491180,Appliances
P956967,"RUBD_LE-40 inches - LED - HD Ready",2040150,1428080,Entertainment
P390965,Samsung_WA70H4000SW,2038640,1345480,"Home & Living"
P245834,"dawlance_Health Zone Plus 30 - 1.5 Ton Air Conditioner",2032900,1423030,Appliances
P538125,"Careem_50000 Credits",2030000,1502200,Others
P965132,"Samsung_Samsung NX2000 20.3MP Smart WiFi Digital Camera",2009700,1205820,Entertainment
P744702,"Ricoh_Projector PJ S2240",2006160,1263880,Entertainment
P504630,Kenwood_KEA1201,2005350,1483930,Appliances
P505040,HP_MFP-M227fdw,2005350,1624290,Computing
P443022,"plk_PD/ 988 790 _61",2003900,1202340,"School & Education"
P515172,"Dawlance_9166WB - MDS",2001000,1240620,Appliances
P450592,"Haier_LE 42B8000",1989400,1412470,Entertainment
P531970,haier_HSU-12LK-E8BL,1974610,1638910,Appliances
P323454,"Eco Star_43U558",1973160,1736350,Entertainment
P728976,"MT_SOL 40D33",1972000,1695920,Entertainment
P974370,"samsung_Samsung Galaxy J7 PRIME 2016-Black",1972000,1360680,"Mobiles & Tablets"
P671331,"MORG_GCS 43",1972000,1695920,"Health & Sports"
P886455,PS4_Slim-500GB,1971940,1321180,Entertainment
P984161,"Lenovo Zuk",1971940,1281740,"Mobiles & Tablets"
P289415,Tmall_ASA327,1971940,1498660,"Health & Sports"
P524874,Haier_HRF-355,1971770,1360510,Appliances
P153922,"plk_FWI/ 928 911_30",1967360,1770620,"School & Education"
P388033,"Changhong Ruba 32 Inches D4000i Smart LED",1966200,1730260,Entertainment
P888661,Surmawala_Haier-12ECO-Air-Conditioner-White,1950540,1579920,Appliances
P574659,CL98_gree_12CZ8,1943580,1438230,Appliances
P620701,"samsung_51 H4500_clear",1943000,1729270,Entertainment
P591474,"samsung_Samsung Galaxy J7 PRIME 2016-Gold",1943000,1515540,"Mobiles & Tablets"
P691136,"RMSON_TM0361 MC WH",1937140,1239750,"Men Fashion"
P362722,"dawlance_9170WB MDS",1929080,1176700,Appliances
P920290,AmanJee_PB001,1925600,1540480,"Women Fashion"
P514099,GMZV_PS4-1TB-Slim-Region-2,1923220,1711640,Entertainment
P406949,"Haier_LE 42B9000",1913940,1607700,Entertainment
P140292,s_tv_KLV-32R302C,1913940,1339740,Entertainment
P899148,"samsungGALAXY J710F-2016 DS LTE",1913940,1512000,"Mobiles & Tablets"
P894459,"UNEL_Haier 42 Inch B9000",1911680,1624930,Entertainment
P504782,Surmawala_Orient-OR-6057IP-Refrigerator-Silver-Black,1899500,1595580,Appliances
P279742,"SUPER ASIA_SA WCS 65-ELECTRIC WATER COOLER STEEL BODY (65 GALLON",1894690,1269390,Appliances
P842330,"SUPER ASIA_SA WCS 65-ELECTRIC WATER COOLER STEEL BODY (65 GALL",1894690,1458870,Appliances
P847756,"GMZV_PlayStation 4 - 500GB - Region 2 - UK PAL - Black",1890800,1304650,Entertainment
P921460,"Adata_Adata SSD-960GB",1886450,1622320,Computing
P888494,"Turk & Fillmore_Super Natural II-42",1885000,1508000,"Men Fashion"
P397709,"Turk & Fillmore_Super Natural I-brown-40",1885000,1639950,"Men Fashion"
P185390,"Turk & Fillmore_Super Natural II-40",1885000,1583400,"Men Fashion"
P755841,"Turk & Fillmore_Super Natural II-41",1885000,1658800,"Men Fashion"
P931387,"Turk & Fillmore_Super Natural II-45",1885000,1376050,"Men Fashion"
P614593,"Turk & Fillmore_Super Natural I-brown-45",1885000,1319500,"Men Fashion"
P674457,"Turk & Fillmore_Super Natural I-brown-41",1885000,1281800,"Men Fashion"
P416097,"Turk & Fillmore_Super Natural I-brown-44",1885000,1262950,"Men Fashion"
P782524,"Turk & Fillmore_Super Natural II-43",1885000,1602250,"Men Fashion"
P805082,"Turk & Fillmore_Super Natural I-brown-42",1885000,1508000,"Men Fashion"
P463316,"Turk & Fillmore_Super Natural I-brown-43",1885000,1376050,"Men Fashion"
P950957,"Turk & Fillmore_Super Natural II-46",1885000,1677650,"Men Fashion"
P572361,"Turk & Fillmore_Super Natural I-brown-46",1885000,1677650,"Men Fashion"
P341447,"Turk & Fillmore_Super Natural II-44",1885000,1621100,"Men Fashion"
P786986,"tcl_40 inch D2720 Full HD LED TV",1872820,1423320,Entertainment
P475289,Samsung_A3-2017-Black,1870440,1589840,"Mobiles & Tablets"
P885392,Samsung_A3-2017-Gold,1870440,1234470,"Mobiles & Tablets"
P230358,cc_samsung_a320-Gold,1861800,1414970,"Mobiles & Tablets"
P511174,AmanJee_PB012,1856000,1614720,"Women Fashion"
P654166,AmanJee_PB018,1856000,1336320,"Women Fashion"
P492599,"HP_Laser 402dn Black",1840110,1288060,Computing
P683385,Samsung_32inchesK4000,1826940,1333650,Entertainment
P628437,Enviro_EAC-12,1822770,1239460,Appliances
P760662,"Kenwood_1.5 Ton Air Conditioner - HSU-18LKE",1820330,1274200,Appliances
P416637,CL74_dawlance_VF-1035WB,1809600,1158140,Appliances
P811437,"dawlance_MDS 9144",1792200,1236620,Appliances
P273714,"Huawei G8 Gold LW",1783440,1159190,"Mobiles & Tablets"
P438730,"Eco Star_40U561",1775380,1420300,Entertainment
P771186,Surmawala_Orient-OR-5535-GD-Refrigerator-Red,1766040,1377500,Appliances
P245015,"Eco Star_40U557",1764190,1464270,Entertainment
P100314,Surmawala_PEL-PRAS-2500-Refrigerator-Grey,1747830,1223450,Appliances
P405456,interwood_HF-02WCR-GO-39741,1740000,1131000,"Home & Living"
P708157,Haier_HWM-85-7288,1731010,1228960,Appliances
P736825,Dawlance_9144-MDS,1721500,1205010,Appliances
P876695,samsung_32J4100,1716220,1132680,Entertainment
P770541,"samsungGALAXY J510F-2016 DS LTE",1711000,1095040,Entertainment
P855806,"GMZV_Xbox One S 500GB-PAL (Without Kinect)",1709550,1282150,Entertainment
P837041,Surmawala_Haier-HWM85-7288-Washing-Machine-White,1705140,1108320,Appliances
P979271,"Samsung_Samsung Galaxy Camera GC100",1701720,1327330,Entertainment
P517819,GMZV_500GB-PS4-Slim-New-Terra,1697370,1222060,Entertainment
P679932,Samsung_Samsung32InchK4000,1687740,1417690,Entertainment
P813349,closecomfort_PC8,1682000,1227860,Appliances
P505236,AYS_Orient-OR-5535-IP-Refrigerator,1681940,1227800,Appliances
P683449,IKEA_10323349,1670400,1269500,"Home & Living"
P819695,AYS_CX-39U564G,1668370,1234590,Entertainment
P299124,Samsung_32J4003,1657060,994236,Entertainment
P858785,Haier_HRF-305,1653930,1075030,Appliances
P272463,"WD_2 BAY NAS WD-16TB",1653000,1272810,Computing
P743686,Haier_HWM-75-918,1633280,1322920,Appliances
P588293,"EP_1200 1 KVA",1624000,1234240,Appliances
P238247,Geepas_GRF-6012,1624000,1234240,Appliances
P208527,dawlance_DWT-150C,1614140,1371990,Appliances
P406287,"Ricoh_Color GELJET SG-3120B SFN (wireless with Battery)",1613850,1032860,Computing
P162756,timex_T2P398,1612400,1225420,"Women Fashion"
P680265,timex_T2P103,1591520,1098110,"Men Fashion"
P151006,"dawlance_ES15 1.0 Ton AC",1588620,1064360,Appliances
P971469,"GMZV_Xbox One PAL -  500GB - Black",1571740,1147360,Entertainment
P770715,"Sony_DZ 350",1568900,1098230,Entertainment
P964888,timex_T2N942,1566000,1205820,"Men Fashion"
P767562,dawlance_DWF-1600A,1565420,1127060,Appliances
P403179,"dawlance_DWT-230A W",1565420,1017490,Appliances
P973241,"Audionic_DJ 500",1537000,1229600,Computing
P906358,Swatch_YIS405G,1513740,1316950,"Men Fashion"
P139709,WT-70H3200-MG,1508000,965120,Appliances
P501300,rhythm_S1411S-03,1502140,946328,"Men Fashion"
P968632,"tcl_32 inch D2730 Golive-2 LED TV",1480160,1302510,Entertainment
P490406,Timex_TW2P72500,1473200,1134360,"Men Fashion"
P624876,"FHM_26SANTAM LAYER TABLE",1450000,1261500,"Home & Living"
P304991,"samsung_J5 Prime-Gold",1450000,942500,"Mobiles & Tablets"
P939305,"Gmart_Vivosmart HR+ 1",1450000,942500,"Health & Sports"
P392583,"Zuk Z1-Grey-Lahore",1449940,1232440,"Mobiles & Tablets"
P885778,"samsungGALAXY J510F-2016 DS LTE-Gold",1444200,866520,"Mobiles & Tablets"
P959132,"dawlance_9122 MDS",1437530,1121260,Appliances
P544594,"GMZV_Xbox One PAL-500GB - Black",1421000,895230,Entertainment
P928710,Lacie_LAC9000633-4TB,1421000,852600,Computing
P102776,"RMSON_PA3251F MW WH",1420940,994642,"Men Fashion"
P989513,AmanJee_PB011,1392000,1044000,"Women Fashion"
P942842,interwood_HF-01ILO-40659,1392000,1197120,"Home & Living"
P484584,Timb-mens_23061-10,1392000,1127520,"Men Fashion"
P547290,"HTC_DESIRE 628",1391940,974342,"Mobiles & Tablets"
P519239,"Elite_Self Balancing Electric Scooter ",1391940,1252740,"Kids & Baby"
P858654,"Elite_Self Balancing Electric Scooter-Black",1391940,1113540,"Kids & Baby"
P368996,"Elite_Self Balancing Electric Scooter",1391940,890822,"Kids & Baby"
P871942,"HP_Laser Color 252n",1387940,1040930,Computing
P302016,"HP_Officejet 7612 A3 (4-in-1) Wieless",1387940,985420,Computing
P505165,Ifitness_LIVEUP-INVERSION-TABLE-LS9087,1363000,1090400,"Health & Sports"
P682528,"dawlance_9108 DELUXE Refrigerator",1355400,1179200,Appliances
P926387,"infinix_Zero 4-Grey",1333940,1160520,"Mobiles & Tablets"
P615046,"Dawlance_DW-540 AF",1322400,1071140,Appliances
P701618,interwood_HF-01NOR-FW-39844,1319500,1174330,"Home & Living"
P888679,"SUPER ASIA_GH 555-55 GLN CAPACITY",1314690,1064880,Appliances
P857748,"tmx_wtch_ T2N720_12",1305000,978750,"Men Fashion"
P495740,Ifitness_JS9.4A,1305000,822150,"Health & Sports"
P380779,IKEA_10119206,1276000,1046320,"Home & Living"
P950869,"Naushemian_#0030-Light Red-L",1276000,791120,"Women Fashion"
P779480,"Naushemian_#0030-Light Red-M",1276000,842160,"Women Fashion"
P369792,dawlance_DW-9500,1276000,1110120,Appliances
P657942,Panasonic_Black-32-Inches-LED,1275420,1084080,Entertainment
P776371,timex_T49866,1266720,810666,"Men Fashion"
P192241,TCL_TCL32InchD2900,1256570,1068070,Entertainment
P700035,AYS_32B8500,1249900,1037390,Entertainment
P165743,Swatch_YOS413,1247520,998006,"Men Fashion"
P875143,"MORG_GCS 37",1247000,997600,"Health & Sports"
P919536,"FHM_HIGH POINT TABLE SET",1238300,804866,"Home & Living"
P560106,interwood_HF-01NOR-MW-40672,1218000,913500,"Home & Living"
P289041,"Audionic_Mehfil MH-150",1218000,864780,Entertainment
P505931,"Haier_LE 32B8000",1197410,1029730,Entertainment
P622378,AYS_32-32G6530,1195900,1076310,Entertainment
P614583,"Infinix Note 3-3 GB-Gold",1194740,1027470,"Mobiles & Tablets"
P878123,tmx_wtch_T49866,1187550,914370,"Men Fashion"
P910200,"Eco Star_32U557_561",1183780,875974,Entertainment
P736713,orient_32Inches-G6530-HDLEDTV,1183780,1006180,Entertainment
P993131,"UNEL_Orie nt 32 Inch L-4132/4143",1176880,800226,Entertainment
P410642,TBG_AV-S-044-Black,1174500,716416,"Women Fashion"
P306870,"Changhong Ruba_32 Inches Black HD Ready LED TV - 32E3600",1160000,928000,Entertainment
P376580,"Mono Cruiser _Grand",1154200,819482,"Kids & Baby"
P456808,"Monocruiser_BL-118AR - Green",1154200,957986,"Kids & Baby"
P628256,AYS_32-32u561,1154140,888676,Entertainment
P891969,"SUPER ASIA_GH 535-35 GLN CAPACITY",1140690,707194,Appliances
P609053,"RMSON_TM4254R MW BK",1139700,1002940,"Men Fashion"
P828295,FHM_DREAMER,1136800,761656,"Home & Living"
P674924,"Eco Star_32U557",1136220,965758,Entertainment
P964844,Geepas_GMO1885,1130940,678542,Appliances
P255913,AYS_32B8500-32-Inches,1130130,949286,Entertainment
P353028,"Huawei P8 lite",1123460,707774,"Mobiles & Tablets"
P293870,"phub_Chance Eau Tendre  by Chanel 150mlml EDT",1102350,925970,"Beauty & Grooming"
P997684,Campingaz_2000024957,1102000,848540,"Home & Living"
P244416,"samsungGALAXY J3 LTE DS QC",1101940,958682,"Mobiles & Tablets"
P681479,Timb-women_8408B-5.5,1099100,857298,"Women Fashion"
P926871,Timb-women_8408B-6,1099100,879280,"Women Fashion"
P656714,Xiaomi-Redmi-4x-BLACK,1096200,745416,"Mobiles & Tablets"
P314147,Tommy_1791102,1096140,953636,"Men Fashion"
P510276,Swatch_YVS420,1096140,701510,"Men Fashion"
P452095,FHM_ECLIPSE,1093300,809042,"Home & Living"
P951406,Orient_32L4143,1087500,815596,Entertainment
P989342,AYS_SA-250,1084600,954448,Appliances
P735082,infinix_S2-Black,1078800,668856,"Mobiles & Tablets"
P334177,"Infinix Note 3-2GB-Nationwide-Grey",1078740,927710,"Mobiles & Tablets"
P587495,InfinixNote3-2GB-Grey,1078740,906134,"Mobiles & Tablets"
P833097,rhythm_G1201S-05,1078740,711950,"Men Fashion"
P421498,Orient_32inchL6982,1076480,904220,Entertainment
P738796,interwood_HF-01FSB-MW-15781,1074620,881136,"Home & Living"
P961578,"Monocruiser_CLB Z681BR Mercedes",1073000,847670,"Kids & Baby"
P770634,HOS_CNCMW100,1061400,934032,"Beauty & Grooming"
P248304,HOS_CNN5W100,1061400,636840,"Beauty & Grooming"
P216296,BHA_K.E-14000,1059780,678252,Appliances
P713443,"Careem_25000 Credits",1044000,762120,Others
P878609,shubinak_SWS14-JAK-1020-M/L,1044000,762120,"Women Fashion"
P419592,shubinak_SWS14-JAK-1020-XS/S,1044000,856080,"Women Fashion"
P210596,seagate_STDR4000300-4TB,1044000,699480,Computing
P519736,Swatch_SVCG4000AG,1033500,702728,"Men Fashion"
P614325,rhythm_C1303L-02,1026540,810956,"Men Fashion"
P468750,"SUPER ASIA_GH 530-30 GLN CAPACITY",1024690,809448,Appliances
P867309,"RMSON_TM4222F MW WH",1017900,814320,"Men Fashion"
P795879,"Timb-mens_9062B -8.5",1017900,681964,"Men Fashion"
P936810,Delsey_24083008,1015000,852600,"Home & Living"
P900471,IKEA_30242291,1009200,686256,"Home & Living"
P525763,"dawlance_DW-6500 Grey",997600,847960,Appliances
P154158,Campingaz_205584,986000,759220,"Home & Living"
P984088,"tr_Good Day (Vitality) Gift Set 440 gm 3 units",986000,670480,Soghaat
P933565,"qmobile_Noir J7-Gold",985942,611262,"Mobiles & Tablets"
P118859,"centrix_Scootify - Red Self Balancing Scooter",985942,640842,"Kids & Baby"
P502432,"centrix_Scootify - Black Self Balancing Scooter",985942,828182,"Kids & Baby"
P349342,"centrix_Scootify - Blue  Self Balancing Scooter",985942,778882,"Kids & Baby"
P661017,TBG_TBG-S-V-016,982520,648440,"Women Fashion"
P912645,"Monocruiser_CLB Z676 AR Audi",980200,803764,"Kids & Baby"
P954541,"INFIINIX_HOT S X521",980142,617468,"Mobiles & Tablets"
P381847,"Infinix Hot S Hazir-Gold-Karachi",980142,627270,"Mobiles & Tablets"
P389360,"Infinix Hot S Hazir-Grey-Grey-Karachi",980142,764498,"Mobiles & Tablets"
P170108,Noble_Nobel-32-Inch-Black,979620,695478,Entertainment
P115955,timex_T2N700,976720,771574,"Men Fashion"
P286419,Casio_EFR-549SG-1AVUDF,974400,633360,"Men Fashion"
P692763,"RMSON_AM0340B MW WH",974400,584640,"Men Fashion"
P540895,"RMSON_TM0389 MW BK",970050,708122,"Men Fashion"
P285962,"GMZV_Xbox 360 Ultra Slim - 4GB -Unmodified - Black",968542,610160,Entertainment
P744942,"Eco Star_24U521",966860,802488,Entertainment
P375872,"R&I_KWM 1012 SA",962800,856892,Appliances
P236490,"QMobile Noir Z10",957000,612480,"Mobiles & Tablets"
P504430,jackpot_JP-939,957000,756030,Appliances
P589695,Bose_626237-0020,957000,717750,Computing
P846112,Castillo_408-CRWBlue-L,957000,698610,"Men Fashion"
P849120,Timex_TW4B01500,955840,735962,"Men Fashion"
P541340,"TBG_AV-S-047-Golden & White",939600,620136,"Women Fashion"
P594703,guess_W0289L1,939600,676512,"Women Fashion"
P404687,"RMSON_TL4201 MW BU",939542,742226,"Men Fashion"
P505307,"Ricoh_Black Laser SP-210SF (4 in 1)",936062,795644,Computing
P592314,"samsung_Grand Prime Plus-Silver",928000,603200,"Mobiles & Tablets"
P661542,"samsung_Grand Prime Plus-Black",928000,649600,"Mobiles & Tablets"
P548239,"infinix_Note 2 Grey",928000,705280,"Mobiles & Tablets"
P862377,"IRIScan_IRISCan Anywhere 2",921330,718620,Computing
P146984,"tcl_ 24 inch D2720 HD Ready LED TV",919300,671060,Entertainment
P196053,Delsey_384182100,918952,698378,"Home & Living"
P782582,HOS-m_CNBDCMP100,904800,787176,"Beauty & Grooming"
P747087,"cc_samsung_Grand Prime Plus-Silver",904742,778070,"Mobiles & Tablets"
P866332,Transcend_TS4TSJ35T3,899000,800110,Computing
P167095,Dany_Masti-12,899000,611320,Computing
P454002,"Haier_HWM 100 AS/BS",896680,708354,Appliances
P722399,"MORG_GCS 31",882180,758640,"Health & Sports"
P760224,"Kenwood_White Semi Automatic Washing Machine - KWM-1014",881600,599488,Appliances
P524798,NESTLE_Dolce&Coffee_Flavors,870000,600300,Appliances
P307738,GO-Girl_694810,869942,765542,"Women Fashion"
P656200,"RMSON_TL0390 MG BK",869942,782942,"Men Fashion"
P505303,jackpot_JP-959,864200,622224,Appliances
P943195,timex_T49867,863040,621354,"Men Fashion"
P819909,casio_SHN-3013D-7ADR,858400,695304,"Women Fashion"
P839934,"HP_Laser P1102w Black",855210,590092,Computing
P126143,"MORG_GCS 22",852600,528612,"Health & Sports"
P998024,"FHM_Mild LCD",852600,571242,"Home & Living"
P194864,"TBG_AV-M-048-Ruby ",845640,693390,"Women Fashion"
P630615,"Zia_hs21 to 29",843900,531628,Books
P463583,SNU_Tena-Durrani-TD16W-Roseate,841000,756900,"Women Fashion"
P582180,SNU_NA16E2-04,841000,529830,"Women Fashion"
P827294,"Turk & Fillmore Lazaretto Tan-46-12",841000,580290,"Men Fashion"
P747059,SNU_MHC16W105,841000,571880,"Women Fashion"
P885091,SNU_NA16E2-03,841000,571880,"Women Fashion"
P519917,SNU_MHC16W104,841000,681210,"Women Fashion"
P780656,SNU_MHC16W108,841000,580290,"Women Fashion"
P292265,"MORG_GCS 25",841000,630750,"Health & Sports"
P873818,SNU_Tena-Durrani-TD16W-Kelly,841000,529830,"Women Fashion"
P951914,"Turk & Fillmore Lazaretto Black-43",841000,689620,"Men Fashion"
P907309,"Turk & Fillmore Lazaretto Black-42",841000,647570,"Men Fashion"
P883341,"sanaulla_NA17E 03 ",841000,571880,"Women Fashion"
P844269,Homage_HEX-1004,836128,710674,Appliances
P736086,interwood_HF-02LT-39667,824760,692752,"Home & Living"
P567276,"madela_MINI ELECTRICBREASTPUMP",822150,715256,"Kids & Baby"
P451684,timex_T2P043,812000,600880,"Men Fashion"
P358912,"MORG_GCS 27",809100,606796,"Health & Sports"
P964158,casio_SHE-3803D-7AUDR,800400,672336,"Women Fashion"
P809837,timex_T2P183,800342,480182,"Men Fashion"
P268690,BHA_K.E-8000,800110,672046,Appliances
P125242,dawlance_DW5200,799240,639392,Appliances
P472870,interwood_HA-R-COVINGTON-40010,797500,645946,"Home & Living"
P658046,"american_tourister Feherlite Spinner  77Black",797500,542300,"Men Fashion"
P886627,"Haier_HWM 80-000",795760,557032,Appliances
P452488,nasgas_NWD-120,791700,585858,Appliances
P801523,hop_ANKM005,791700,609580,"Beauty & Grooming"
P739824,"R&I_HWD 63 ( 2 tap with ref )",788800,599488,Appliances
P793380,Bellona_BDC7,788800,591600,"Women Fashion"
P734358,Timex_TW2P75300,787350,708586,"Men Fashion"
P505249,"Ricoh_Black Laser SP-210SU (3 in 1)",784740,478674,Computing
P711041,Castillo_CDT-748-Black-42,783000,626400,"Men Fashion"
P934275,"Castillo_CR-01-Natural D",783000,532440,"Home & Living"
P573192,Delsey_223955600,783000,642060,"Home & Living"
P185032,coleman_3000002276,783000,696870,"Home & Living"
P505181,RM_Sony-BDP-S1500,783000,469800,Entertainment
P446518,Geepas_GHB1661,782942,618512,Appliances
P420946,BHA_K.E-7500+,777142,528438,Appliances
P445316,"RMSON_TM8904 MC WH",768500,622456,"Men Fashion"
P748128,HP_PRINTER-LJ-M102AW,762062,609638,Computing
P130155,"MORG_GCS 26",756900,454140,"Health & Sports"
P777433,"Castillo_CPL-741-Black With Burgundy Shade-42",756900,597922,"Men Fashion"
P606949,SFEVER_IS380HB08VI1WNAFAMZ,754000,467480,"Beauty & Grooming"
P258155,Campingaz_2000024956,754000,535340,"Home & Living"
P205994,Silkasia_ET-457,754000,505180,"Women Fashion"
P451060,"Homage_Black Water Dispenser - HWD-42",751100,473164,Appliances
P782578,"MORG_GCS 30",748200,650934,"Health & Sports"
P932250,HOS_CDDJW100,748200,613524,"Beauty & Grooming"
P776045,"Haier_HWM 75AS",747620,657894,Appliances
P841380,"Turk & Fillmore Board walk black-7",742400,549376,"Men Fashion"
P645865,"phub_Pure Pioson  by Christian Dior 100ml EDP",742400,460288,"Beauty & Grooming"
P771768,sony_DSC-W830,732656,542126,Entertainment
P118967,"Infinix Hot Note X551-1GB-Gold-Nationwide Delivery",730800,657720,Appliances
P313043,"phub_Fahrenheit ",730800,504252,"Beauty & Grooming"
P774890,"Infinix Hot 4-Gold",730742,482270,"Mobiles & Tablets"
P209422,"Infinix Hot 4-Black-1",730742,643046,"Mobiles & Tablets"
P378114,"Infinix Hot 4 Hazir-Gold-Karachi",730742,643046,"Mobiles & Tablets"
P103962,"Infinix Hot 4 Hazir-Gold-Rawalpindi",730742,628430,"Mobiles & Tablets"
P213060,"phub_Allure Homme Sport  by Chanel 100ml  EDT ",728248,502454,"Beauty & Grooming"
P766142,"nvc_HDMI UC 40 - Home Cinema Projector - White",725000,500250,Entertainment
P159796,"Homage_Cream White Water Dispenser with Refrigerator Cabinet - H",725000,442250,Appliances
P469054,HOS-m_GAADGEM180,725000,493000,"Beauty & Grooming"
P546485,GA_PM-139-120534,725000,442250,"Women Fashion"
P528017,timex_T2P149,725000,471250,"Women Fashion"
P402404,JBS_WEN-194,725000,493000,"Home & Living"
P504580,HP_HP-Laserjet-Pro-M12a,711254,433840,Computing
P985474,"RMSON_TM1274 LW BK",710500,525770,"Women Fashion"
P795792,"Dawlance_Microwave DW-131",701800,617584,"Home & Living"
P963316,"Dawlance_DW-131 HP",701800,610566,Appliances
P729061,"trzw_FRC-16-001-Fawn/Teal Blue-M",696000,501120,"Women Fashion"
P679783,shubinak_SWS14-JAK-1017-XS,696000,445440,"Women Fashion"
P650552,shubinak_SWS14-JAK-1017-M,696000,501120,"Women Fashion"
P710253,SFEVER_CH369HB0EHEHSNAFAMZ,690200,510748,"Beauty & Grooming"
P315685,sputnik_8073/14-11,690200,579768,"Men Fashion"
P106821,SNU_NS16E2-07,690200,545258,"Women Fashion"
P558272,BO-paintings_MHS33-FIG,690200,455532,"Home & Living"
P121025,timex_T2P041,689330,544562,"Men Fashion"
P981842,BBS_M009,684980,417832,"Kids & Baby"
P545356,casio_GAC-110-1ADR,684400,602272,"Men Fashion"
P162328,"american_tourister Feherlite Spinner  66Black",681500,490680,"Men Fashion"
P409617,Surmawala_Haier-HWM-120-35FF-Washing-Machine-Grey,675990,473164,Appliances
P749454,casio_BEM-506CD-1AVDF,675700,466204,"Men Fashion"
P822284,"SUPER ASIA_GH 112-SUPER SAVER SERIES 12 LITERS",670248,489230,Appliances
P188488,"b&d_Food Processor & Factory F710",667000,506920,Appliances
P504691,"jackpot_Microwave Oven -JP-932 ",667000,466900,Appliances
P345711,Motifz_MWU01697-999-BUFF,666420,559758,"Women Fashion"
P919937,"dwf_Key Biscayne  SOB02-0014 Versus by Versace Watch",661200,416556,"Women Fashion"
P356228,timex_T2P231,658300,460810,"Women Fashion"
P654537,Homeage_HWM-920,649600,487200,Appliances
P351473,"Audionic_Rb 104",649600,396256,Computing
P950527,"Audionic_Rb 106",649600,480704,Computing
P330997,"head_273026-UK 10",640900,551174,"Men Fashion"
P810382,culzado_TORRO-41,638000,427460,"Men Fashion"
P457282,HOS-m_GAADGPM125,638000,459360,"Beauty & Grooming"
P820784,"phub_Armani Mania ",638000,574200,"Beauty & Grooming"
P434577,"HP P1102 - White_18",635100,482676,Computing
P319549,SNU_Es16e2-09,635100,552508,"Women Fashion"
P583069,SNU_Es16e2-02,635100,419166,"Women Fashion"
P794286,GA_PM-202-137349,635100,425488,"Women Fashion"
P285804,GA_PM-201-137348,635100,400084,"Women Fashion"
P966750,GA_PM-200-137350,635100,438190,"Women Fashion"
P301191,HP_Monitor-V193,633360,481342,Computing
P349636,"Audionic_Rb 105",632200,455184,Computing
P813711,"Dany_Masti-8 ",632200,455184,Entertainment
P972044,"MORG_GCS 17",632200,486794,"Health & Sports"
P962189,"Monocruiser_BL-318C Bike",632200,442540,"Kids & Baby"
P902203,rhythm_G1105S-03,632142,417194,"Men Fashion"
P408307,Castillo_CK-745-Green-42,630750,479370,"Men Fashion"
P504676,zaffiro_Z-P-069,612596,441032,"Beauty & Grooming"
P596467,HAS_1030,612248,544852,Entertainment
P439626,Casio_EFR-546L-2AVUDF,609000,517650,"Men Fashion"
P353798,JBS_WEN-034,609000,505470,"Home & Living"
P471274,rhythm_G1107S-04,608942,499322,"Men Fashion"
P920036,rhythm_G1107S-03,608942,438422,"Men Fashion"
P874899,JBS_CRY-024,602910,373752,"Home & Living"
P143153,interwood_HA-K17W105-23575,602040,463536,"Home & Living"
P679912,timex_TW4B09000,600300,474208,"Men Fashion"
P517130,"dawlance_WM-5100 White",597400,436102,Appliances
P433145,SFEVER_MP216,597400,358440,"Beauty & Grooming"
P513964,HOS_YSLEW90,597400,483894,"Beauty & Grooming"
P287260,timex_T2P232,596240,512720,"Women Fashion"
P634260,"scent_CALVIN KLEIN FRESH 75ML",594500,362616,Others
P978525,IKEA_40103751,591600,414120,"Home & Living"
P573156,Omron_HBF-508-E,589570,377290,"Health & Sports"
P184427,mm_AG-9031,587540,522870,Appliances
P605642,Timex_TW00PR205,584930,491318,"Men Fashion"
P622474,sony_CMT-S20,580000,371200,Entertainment
P629434,"coleman_Marine White Cooler 70QT",580000,522000,"Home & Living"
P450455,Culzado_CZM-260-42,580000,382800,"Men Fashion"
P624971,culzado_AXIS-41,580000,394400,"Men Fashion"
P163740,Atlas_AT-1500-180W,579942,521942,Appliances
P134165,Atiqa_mega-sale-box-set,579942,394342,"Beauty & Grooming"
P379465,"Transcend_ TS2TSJ25H3B",579942,434942,Computing
P591586,Transcend_TS2TSJ25H3P,579942,458142,Computing
P210137,HOS_ELWMW100,579420,440336,"Beauty & Grooming"
P948525,sehgalmotors_189146,579420,475078,Superstore
P718952,"seagate_SG E-2TB",576230,432158,Others
P792491,dawlance_DW396HP,575070,488766,Appliances
P953248,"Audionic Reborn RB-90",574200,424908,Computing
P951333,"WD_WD - MP - 2TB",572460,435058,Others
P504512,it_Imp-luxe17-07,571300,388484,"Women Fashion"
P678246,timex_T25771,571300,508428,"Women Fashion"
P505169,it_Imp-luxe17-01,571300,462724,"Women Fashion"
P177278,seagate_STDR2000300-2TB,568400,409248,Computing
P665332,GC_GCS058,568400,437668,Superstore
P379182,"Victorinox_  TRAVELLER KIT",562600,343186,"Men Fashion"
P477231,"VPN_VPN 702-B",556800,445440,"Health & Sports"
P829472,rhythm_G1107S-02,556742,350726,"Men Fashion"
P618464,"Monocruiser_JY D03",551000,468350,"Kids & Baby"
P756886,HOS-m_CDHM100,551000,347130,"Beauty & Grooming"
P237215,ALK_FC-16-17-A131140057,551000,352640,"Women Fashion"
P872958,ALK_FC-08-17-A131140049,551000,385700,"Women Fashion"
P313303,IDROID_BALRX7-Gold,550942,484822,"Mobiles & Tablets"
P754831,"IDROID_BALRX7-Jet black ",550942,429722,"Mobiles & Tablets"
P265639,AKL_A131131293_FC-12,550420,401766,"Women Fashion"
P219650,Timex_TW2P80800,549840,494856,"Women Fashion"
P297754,audionic6-954217-566450,548100,361746,Entertainment
P607644,sehgalmotors_6508,547230,388484,Superstore
P987831,Lacie_STET2000400-2TB,545200,490680,Computing
P490466,Seagate_STEA2000400,545200,425256,Computing
P869828,SFEVER_MP213,539400,356004,"Beauty & Grooming"
P533392,BHA_K.E-555-C,538182,371316,Appliances
P841002,timex_T46681,536500,477456,"Men Fashion"
P204602,BBS_M008,533020,405072,"Kids & Baby"
P871469,"Castillo_CW-754-Dark Brown Suede-42",532440,372708,"Men Fashion"
P512223,Swatch_SUBM114G,532382,361978,"Women Fashion"
P997843,"Ricoh_Monochrome Printer-SP 212w",531280,371896,Computing
P804717,"MORG_GCS 12",527800,422240,"Health & Sports"
P674096,Omron_HEM-7131-E,527510,432506,"Health & Sports"
P782727,timex_T2N779,526640,352814,"Men Fashion"
P976431,"ChannelSpeakerSystem_HT31 2.1",526060,431346,Entertainment
P648324,"coleman_Blue Cooler Combo 54QT",524900,425140,"Home & Living"
P303710,HOS-W_VSBSIBEDP100,522000,433260,"Beauty & Grooming"
P423136,ALK_FC-03-17-A131140044,522000,386280,"Women Fashion"
P497470,"Voucher 9000",522000,459360,Others
P722865,SFEVER_MP210,522000,349740,"Beauty & Grooming"
P576253,ALK_FC-04-17-A131140045,522000,412380,"Women Fashion"
P573715,tmx_wtch_T2N533,521942,407102,"Women Fashion"
P838611,timex_TW2P97400,521942,339242,"Men Fashion"
P251714,hijabh_Jilbab-BC-872-56x,521710,365168,"Women Fashion"
P619707,AMT_AMT-6487,521420,396256,Entertainment
P164925,"head_273074-UK 9",521420,427518,"Men Fashion"
P702289,Timex_TWEG14900,519680,467712,"Men Fashion"
P963185,"MORG_GCS 28",516780,459882,"Health & Sports"
P495402,"MORG_GCS 06",516200,371664,"Health & Sports"
P619109,SNU_SairaRizwanSR16W05,510400,326656,"Women Fashion"
P544140,HOS-m_RLSAFM125,510400,413424,"Beauty & Grooming"
P302251,Nova_NLJ-1001,507500,456750,"Men Fashion"
P416084,IKEA_221916,504600,302760,"Home & Living"
P715035,Swatch_YAS407,501062,370736,"Men Fashion"
P780964,Timb-app_8318J-L,500250,430186,"Men Fashion"
P250019,gracill_GRC-7-43,500250,360180,"Men Fashion"
P115727,sinbo_3467,497640,393124,Appliances
P155251,GA_FE-50-141225,497118,372824,"Women Fashion"
P844361,Enviro_ENR-25XDG2,496944,387614,Appliances
P505243,jackpot_JP-7991,493000,359890,Appliances
P684541,"hijabh_0120-BC-759 (1)-52x",493000,354960,"Women Fashion"
P697647,fitn_RU00494,493000,384540,"Health & Sports"
P216427,ALK_FC-14-17-A131140055,493000,389470,"Women Fashion"
P312717,"hijabh_0120-BC-759 (1)-54",493000,354960,"Women Fashion"
P763231,HOS_ESW90,493000,409190,"Beauty & Grooming"
P414014,fitn_RU00495,493000,428910,"Health & Sports"
P975815,ALK_FC-15-17-A131140056,493000,330310,"Women Fashion"
P874325,ALK_FC-07-17-A131140048,493000,359890,"Women Fashion"
P102780,ALK_FC-13-17-A131140054,493000,350030,"Women Fashion"
P209243,GA_FE-42-141217,492420,364356,"Women Fashion"
P356064,"HP_Officejet ENVY 5530 Wireless (3-in-1)",490680,299280,Computing
P318881,SNU_IM17C08,490100,347942,"Women Fashion"
P730475,RM_Panasonic-SC-HT31,488418,434652,Entertainment
P664665,"Dawlance_MD 10 + DWB 600",488360,410176,Others
P981044,"lm_FORBES MONTHLY-Subscription",487200,389760,Others
P922879,HOS_RLRW100,481400,414004,"Beauty & Grooming"
P757616,orient_OM-30ARW,480530,341156,Appliances
P864196,"american_tourister Rome UR  66Black",478500,330136,"Men Fashion"
P146818,sinbo_3325,478500,358846,Appliances
P252423,Z&A_ZEES-0097,473280,317086,"Beauty & Grooming"
P440872,LC_3595471021182,472700,321436,"Beauty & Grooming"
P596142,HOS_JPGCW100,469800,413424,"Beauty & Grooming"
P844813,TBG_AV-B-07-Golden,469800,300672,"Women Fashion"
P563852,GA_PM-137-136187,468408,327874,"Women Fashion"
P377260,mm_AG-2098,466784,359368,Appliances
P938702,GO-Girl_694010,466320,401012,"Women Fashion"
P713234,GA_PM-152-136192,464000,343360,"Women Fashion"
P720293,"MHS_Pleat Boarder -Bed Sheet - [Size] King",464000,338720,"Home & Living"
P602715,GA_PM-157-136194,464000,320160,"Women Fashion"
P914543,shubinak_SWW14-BS-240B,464000,315520,"Women Fashion"
P663928,GA_PM-172-136207,464000,417600,"Women Fashion"
P279357,GA_PM-173-136208,464000,283040,"Women Fashion"
P229579,GA_PM-168-136203,464000,361920,"Women Fashion"
P401585,GA_PM-161-136198,464000,287680,"Women Fashion"
P727256,GA_PM-155-136193,464000,385120,"Women Fashion"
P208328,GA_PM-171-136206,464000,399040,"Women Fashion"
P537345,GA_PM-170-136205,464000,408320,"Women Fashion"
P776539,shopfever_YV266HB0M2J20NAFAMZ,464000,310880,"Beauty & Grooming"
P261639,rhythm_G1107S-01,463942,315462,"Men Fashion"
P152703,SNU_ME16E-2A,463710,366328,"Women Fashion"
P825553,SNU_ME16E-7A,463710,389470,"Women Fashion"
P395976,"Atalian _DV206A-Black-41",463710,296728,"Men Fashion"
P470836,Mausummery_0001555-SUT-AQU,463710,361688,"Women Fashion"
P690503,Lacie_9000146,463420,342896,Others
P266974,GA_FE-25-141203,463420,356816,"Women Fashion"
P149702,GA_EA-12-144988,463420,393878,"Women Fashion"
P563405,edifier_XM6-PF,459940,344926,Computing
P646568,"phub_Armani 100ml  EDT ",458896,380828,"Beauty & Grooming"
P194372,"hijabh_JILBAB-C-756 (1)-56x",458200,339068,"Women Fashion"
P521903,"AM-Dark Turquoise Suit APS-5110-Small",458142,357338,"Men Fashion"
P504355,"Ricoh_Black Laser SP-210",457910,343418,Computing
P688198,"shahi_BallayÃ‚Â BallayÃ‚Â Munchy MixÃ‚Â 12-75-box",456750,388194,Soghaat
P885003,audionic_6954217856834,455300,409770,Entertainment
P894024,timex_T2N790,455300,309604,"Men Fashion"
P884353,HOS-m_HRMTDHM75,454140,290638,"Beauty & Grooming"
P272485,"phub_One Million  by Paco Rabanne 100ml  EDT ",452400,339300,"Beauty & Grooming"
P322129,fitn_800450,452400,321204,"Health & Sports"
P955347,timex_T2P391,450370,378276,"Men Fashion"
P173440,JBS_hcd-HON-020,449500,328106,"Home & Living"
P669129,"phub_Legend Spirit by Mont Blanc 100ml  EDT",448920,354612,"Beauty & Grooming"
P102648,LC_3349668532902,446600,330484,"Beauty & Grooming"
P402840,Timex_TW2P61600,443120,394342,"Men Fashion"
P955377,"MHS_Metallic Cuff White-Bed Sheet - [Size] Double",440800,264480,"Home & Living"
P334698,"MHS_Oxford-Bed Sheet - [Size] Double",440800,317376,"Home & Living"
P418929,"madela_HARMONY BREASTPUMP",440800,290928,"Kids & Baby"
P417575,lamart_LMZ053,439466,364704,"Home & Living"
P544948,HOS-m_CPDOMM80,438770,394864,"Beauty & Grooming"
P275179,tmx_wtch_T28201,437900,385352,"Men Fashion"
P383565,GA_PM-132-136186,435000,374100,"Women Fashion"
P393350,Artzy_MM-02,435000,369750,"Women Fashion"
P511812,"Fidato Ankle High Boot 309-872-42",435000,287100,"Men Fashion"
P988211,"Fidato Ankle High Boot 309-872-41",435000,287100,"Men Fashion"
P266291,"Fidato Ankle High Boot 309-872-45",435000,291450,"Men Fashion"
P928328,"Fidato Ankle High Boot 309-872-40",435000,330600,"Men Fashion"
P743730,Getiit_Mate,435000,278400,"Women Fashion"
P773985,GA_PM-165-136201,435000,356700,"Women Fashion"
P557021,"phub_Boss Bottled Night ",435000,334950,"Beauty & Grooming"
P573882,Ifitness_Mini-Bike,435000,382800,"Health & Sports"
P194342,GA_PM-167-136202,435000,304500,"Women Fashion"
P441981,HOS-m_YSLNHM100,435000,374100,"Beauty & Grooming"
P450890,"Corio_C-101348 - BROWN-45",435000,378450,"Men Fashion"
P898726,AKL_GFKU2369-L,434710,347768,"Women Fashion"
P414864,GA_FE-60-141235,434420,338836,"Women Fashion"
P533262,Sapphire_US0679,434420,295394,"Women Fashion"
P195130,Sapphire_US0678,434420,334486,"Women Fashion"
P704549,GA_FE-58-141233,434420,291044,"Women Fashion"
P996730,GA_EA-18-144980,434420,317086,"Women Fashion"
P377349,GA_EA-14-144984,434420,317086,"Women Fashion"
P978455,Philips_6540,432854,281300,"Beauty & Grooming"
P341170,seagate_STEA1500400-1.5TB,432100,345680,Computing
P235070,Charizma_CWB1,432100,263552,"Women Fashion"
P933986,LC_3349668508587,429200,321900,"Beauty & Grooming"
P761917,"Turk & Fillmore longisland ice tea-40",429200,291856,"Men Fashion"
P983938,"MORG_GCS 13",429200,257520,"Health & Sports"
P518083,interwood_HF-12CR-HW-11284,427518,316332,"Home & Living"
P458788,"Logitech_Logitech Ipad Air Keyboard Cover Connector-white",427170,345970,Computing
P164775,timex_T49988,424560,280198,"Men Fashion"
P357201,"Cosmo_Wen Lavender",420500,260710,"Beauty & Grooming"
P673245,timex_T49991,419630,318884,"Men Fashion"
P607215,Lunarl-500,417600,325728,Computing
P996724,HOS-m_GACM75,417600,283968,"Beauty & Grooming"
P666317,"SNU_ op16l-155A",417310,271208,"Women Fashion"
P877240,"head_273406-UK 11",417020,283562,"Men Fashion"
P319315,"head_273406-UK 10",417020,346086,"Men Fashion"
P504425,casio_MTP-E303L-7AVDF,414700,356642,"Men Fashion"
P629836,"plk_DWI/ 941 344_76",413540,248124,"School & Education"
P858554,"MORG_GCS 04",412380,317492,"Health & Sports"
P645340,"BParcel_Q7S WITH Webcam 2G+8G-BLACK",411800,333558,Computing
P632123,SFEVER_GU378HB18MA4KNAFAMZ,411800,345912,"Beauty & Grooming"
P307223,Timex_T49990,411104,283620,"Men Fashion"
P631722,ST_M8820_73,409422,315230,Appliances
P133080,"Herbo Natural_30",407160,293132,"Health & Sports"
P351814,"rute2_SlimStyles MR Vanilla ",406000,263900,"Health & Sports"
P886999,Fidato_537-904-W-brown-41,406000,276080,"Men Fashion"
P673855,Fidato_537-904-W-45,406000,332920,"Men Fashion"
P128276,Fidato_537-904-W-40,406000,324800,"Men Fashion"
P837603,Q&Q_DE02J502Y,406000,276080,"Men Fashion"
P964141,"corio_C 101150-45",406000,308560,Others
P898417,corio_c101223-45,406000,353220,"Men Fashion"
P788145,"BParcel_Q7 2G+8G-BLACK",406000,304500,Entertainment
P977249,"GMZV_FIFA 17 XBOX ONE",406000,345100,Entertainment
P775971,naushemian_#0037-M,406000,292320,"Women Fashion"
P226235,palwasha_SKU011,406000,251720,"Women Fashion"
P730840,Fidato_549-872-B-40,406000,267960,"Men Fashion"
P694336,HOS-m_bvlmibm100,406000,243600,"Beauty & Grooming"
P333128,"unze_GS5632 -Brown-6",405710,263668,"Men Fashion"
P962651,AKL_A132138255_GFSU1344-M,405420,243252,"Women Fashion"
P348769,GA_FE-68-141243,405420,255374,"Women Fashion"
P478155,Dermalogica_666151001909,405420,332398,"Beauty & Grooming"
P527104,sanasafinaz_SS-1A,403100,310358,"Women Fashion"
P787667,sanasafinaz_SS-5B,403100,306356,"Women Fashion"
P891517,sanasafinaz_SS-1B,403100,334544,"Women Fashion"
P650191,sanasafinaz_SS-3A,403100,290232,"Women Fashion"
P964474,sanasafinaz_SS-3B,403100,286172,"Women Fashion"
P140542,SanaSafinaz_SS-2A,403100,342606,"Women Fashion"
P280671,sanasafinaz_SS_6B,403100,314418,"Women Fashion"
P338176,sanasafinaz_SS-5A,403100,362790,"Women Fashion"
P633207,SanaSafinaz_SS-6A,403100,298294,"Women Fashion"
P215611,sanasafinaz_SS-2B,403100,342606,"Women Fashion"
P504571,hijabh_0120-P-827-54,403100,266046,"Women Fashion"
P657864,"hijabh_0121-C-752 (1)-56",403100,245862,"Women Fashion"
P870886,"b&d_Vacuum Cleaner VM1430",401070,332862,Appliances
P202781,"nabila_NGELIC FOR IVORY",400200,288144,"Beauty & Grooming"
P470236,"nabila_Ngage FOR Honey",400200,272136,"Beauty & Grooming"
P703287,"nabila_Nlight FOR creamy",400200,292146,"Beauty & Grooming"
P236646,"Nvite for Fair Skin No Makeup Face Perfecting Palette",400200,256128,"Beauty & Grooming"
P338156,GA_FE-67-141242,400200,356178,"Women Fashion"
P894504,"braun_10000893_SE5680 BFS MEA ",400200,272136,"Beauty & Grooming"
P625909,HOS_DNGPF100,400200,292146,"Beauty & Grooming"
P856998,Ifitness_Ab-King-pros,400200,308154,"Health & Sports"
P505418,Transcend_TS1TSJ25M3E,400142,276080,Computing
P440933,"head_273305-UK 8",399620,255722,"Men Fashion"
P870040,timex_T2P521,399040,347130,"Men Fashion"
P387683,timex_T2P045,399040,351132,"Men Fashion"
P547834,timex_T2P517,399040,323176,"Men Fashion"
P803301,HP_White-DeskJet-3635,397880,270512,Computing
P912809,AKL_A131130455_SS-145_Black,397300,242324,"Women Fashion"
